cell_id,Age,batch,volume
355453700036100069,Old,1,2162.952880859375
355453700040100118,Old,1,1989.859375
355453700060100088,Old,1,3124.58056640625
355453700063100033,Old,1,2525.467041015625
355453700065100135,Old,1,1776.314453125
355453700084100049,Old,1,3214.551025390625
355453700089100027,Old,1,2819.23779296875
355453700114100086,Old,1,2536.05322265625
355453700118100036,Old,1,2706.413818359375
355453700167100109,Old,1,3359.681640625
355453700168100078,Old,1,3152.232177734375
355453700168100233,Old,1,151.5690612792969
355453700190100112,Old,1,2187.322265625
355453700193100165,Old,1,2349.555419921875
355453700242100076,Old,1,2754.577880859375
355453700242100253,Old,1,1038.77978515625
355453700266100110,Old,1,2396.186767578125
355453700266100314,Old,1,1392.878295898438
355453700269100178,Old,1,1407.9814453125
355453700271100081,Old,1,3270.763916015625
355453700314100099,Old,1,307.6116333007812
355453700314100162,Old,1,2909.3896484375
355453700314100268,Old,1,1732.121459960938
355453700317100085,Old,1,2513.995849609375
355453700317100125,Old,1,1978.919921875
355453700320100138,Old,1,2740.833740234375
3534026300208100070,Yng,1,2968.068115234375
3534026300210100151,Yng,1,3070.296630859375
3534026300232100101,Yng,1,2586.45556640625
3534026300288100143,Yng,1,2585.878662109375
3534026300288100191,Yng,1,1925.123657226562
3534026300289100217,Yng,1,2221.758544921875
3534026300290100163,Yng,1,3263.64697265625
3534026300293100118,Yng,1,498.9406433105469
3534026300293100220,Yng,1,156.5731201171875
3534026300293200381,Yng,1,1402.349243164062
3534026300314100063,Yng,1,2916.722412109375
3534026300318100154,Yng,1,1001.158996582031
3534026300318200298,Yng,1,665.5745849609375
3534026300344200460,Yng,1,2853.109375
3534026300345100167,Yng,1,3140.500244140625
3534026300370100034,Yng,1,1367.531372070312
3534026300370100241,Yng,1,658.7600708007812
3534026300372100180,Yng,1,1859.507446289062
3534026300398100036,Yng,1,1773.062622070312
3534026300400100158,Yng,1,2997.501708984375
3534026300426100100,Yng,1,100.4534454345703
3534026300479100021,Yng,1,1943.782348632812
3534026300501100260,Yng,1,676.684326171875
3534026300502100249,Yng,1,1813.547241210938
3534026300504100057,Yng,1,3395.349609375
3534026300504100092,Yng,1,2669.816650390625
3534026300532100147,Yng,1,1717.239135742188
3534026300533100228,Yng,1,2067.279296875
3534026300534100166,Yng,1,2003.080078125
3534026300557100286,Yng,1,215.025634765625
3534026300558100142,Yng,1,3315.95654296875
3534026300558100311,Yng,1,613.529052734375
3534026300610100156,Yng,1,1635.00732421875
3578036000118100203,Yng,2,2814.0107421875
3578036000145100040,Yng,2,729.1648559570312
3578036000166100177,Yng,2,3289.4501953125
3578036000214100202,Yng,2,2632.956298828125
3578036000220100024,Yng,2,2269.0947265625
3578036000220200194,Yng,2,1675.92724609375
3578036000221100251,Yng,2,381.6265258789062
3578036000245100066,Yng,2,1762.710205078125
3578036000246100125,Yng,2,2542.46044921875
3578036000247100218,Yng,2,3244.948486328125
3578036000293100157,Yng,2,3218.339111328125
3578036000296100353,Yng,2,467.2916259765625
3578036000347100448,Yng,2,600.2139282226562
3578036000369100149,Yng,2,3101.7587890625
3578036000373200139,Yng,2,1938.361328125
3578036000419100079,Yng,2,2990.5498046875
3578036000421100150,Yng,2,3246.043212890625
3578036000445100190,Yng,2,3078.7744140625
3578036000446100175,Yng,2,2113.756591796875
3578036000446100315,Yng,2,1976.0537109375
3578036000492100074,Yng,2,2769.841796875
3578036000493100227,Yng,2,2528.888671875
3578036000494100020,Yng,2,2946.905517578125
3578036000516100164,Yng,2,2707.22509765625
3578036000517100157,Yng,2,2263.519287109375
3578036000544100113,Yng,2,1627.507934570312
3578036000545100039,Yng,2,1114.41064453125
3578036000568100020,Yng,2,2356.04931640625
3576544000009100025,Old,2,1509.652221679688
3576544000011100053,Old,2,2712.989501953125
3576544000011100072,Old,2,3070.947998046875
3576544000012100398,Old,2,853.302001953125
3576544000028100374,Old,2,851.2260131835938
3576544000029100022,Old,2,2623.025634765625
3576544000032100105,Old,2,3063.140869140625
3576544000034100127,Old,2,3271.717529296875
3576544000048100020,Old,2,2639.986083984375
3576544000050100033,Old,2,2802.918701171875
3576544000050100191,Old,2,2643.33984375
3576544000055100100,Old,2,3244.920654296875
3576544000055100360,Old,2,156.9540100097656
3576544000060100295,Old,2,1027.935180664062
3576544000073100231,Old,2,275.50390625
3576544000081100255,Old,2,1253.89501953125
3576544000092100048,Old,2,3191.275634765625
3576544000095100152,Old,2,3071.22412109375
3576544000098100183,Old,2,2367.943359375
3576544000101100135,Old,2,3131.47900390625
3576544000101100328,Old,2,2268.886474609375
3576544000103200147,Old,2,2382.343994140625
3576544000104100169,Old,2,2209.181884765625
3576544000131100034,Old,2,1975.554077148438
3576544000143100177,Old,2,2042.122314453125
3576544000162200024,Old,2,1331.858276367188
3576544000173100096,Old,2,1555.582153320312
3576544000174100050,Old,2,2531.689208984375
3546917500027100073,Old,3,2902.553955078125
3546917500029100162,Old,3,3372.49462890625
3546917500031100332,Old,3,1125.114990234375
3546917500072100068,Old,3,2738.770751953125
3546917500074100109,Old,3,2964.452392578125
3546917500085100101,Old,3,1148.777221679688
3546917500086100165,Old,3,2866.617919921875
3546917500086100309,Old,3,642.2111206054688
3546917500088100029,Old,3,2834.484130859375
3546917500088100037,Old,3,2826.574462890625
3546917500093100122,Old,3,2376.5751953125
3546917500103100468,Old,3,1639.681030273438
3546917500103200177,Old,3,990.2969970703125
3546917500104100143,Old,3,1589.927856445312
3546917500105100328,Old,3,1880.782470703125
3546917500106100116,Old,3,184.5984802246094
3546917500109100062,Old,3,2874.12939453125
3546917500112100347,Old,3,913.7606811523438
3546917500143100069,Old,3,653.0416870117188
3546917500160100024,Old,3,2857.578369140625
3546917500162100756,Old,3,319.571533203125
3546917500164100159,Old,3,2222.113037109375
3546917500184100336,Old,3,3033.50146484375
3546917500204100166,Old,3,1205.347900390625
3546917500221100199,Old,3,1392.99560546875
3546917500223100065,Old,3,2114.219970703125
3546917500224100192,Old,3,2864.30615234375
3546917500241100253,Old,3,3195.29638671875
3546917500242100031,Old,3,2727.9326171875
3546917500261100024,Old,3,2325.858154296875
3546917500264100137,Old,3,1600.483764648438
3546917500302200237,Old,3,1255.55517578125
3546917500303100107,Old,3,2576.63134765625
354224800027100066,Yng,3,2875.8388671875
354224800028100057,Yng,3,2000.331420898438
354224800029100147,Yng,3,2641.346923828125
354224800029100206,Yng,3,2810.44921875
354224800029200079,Yng,3,1777.26904296875
354224800030100027,Yng,3,2282.892333984375
354224800048100038,Yng,3,994.7948608398438
354224800050100316,Yng,3,2671.4306640625
354224800052100254,Yng,3,1160.570556640625
354224800054100052,Yng,3,2965.44091796875
354224800056100052,Yng,3,3113.824462890625
354224800071200063,Yng,3,1057.763427734375
354224800075100035,Yng,3,2836.722412109375
354224800076100244,Yng,3,1921.142333984375
354224800077100055,Yng,3,2961.720947265625
354224800077100145,Yng,3,2631.6728515625
354224800078100065,Yng,3,1119.600830078125
354224800095100131,Yng,3,2969.882080078125
354224800100100325,Yng,3,1502.73388671875
354224800112100171,Yng,3,3275.1162109375
354224800117100176,Yng,3,3241.575439453125
354224800120100091,Yng,3,3286.1376953125
354224800133100345,Yng,3,144.5995483398438
354224800134100373,Yng,3,2517.61328125
354224800140100066,Yng,3,3160.188720703125
354224800144100084,Yng,3,2649.636474609375
354224800144100255,Yng,3,809.181396484375
354224800162100421,Yng,3,141.0130157470703
354224800164100167,Yng,3,2553.72412109375
354224800205100077,Yng,3,1321.975952148438
354224800226100163,Yng,3,2667.85107421875
354224800228100158,Yng,3,422.7005310058594
354224800246100137,Yng,3,1829.111694335938
354224800249100180,Yng,3,2253.88232421875
354224800269100295,Yng,3,1050.77001953125
354224800271100041,Yng,3,2362.708984375
354224800332100049,Yng,3,2047.2177734375
354224800332100070,Yng,3,1782.64794921875
3627584600020100107,Old,4,2261.14990234375
3627584600021100402,Old,4,1349.477294921875
3627584600043100084,Old,4,3110.368896484375
3627584600044200284,Old,4,2076.471923828125
3627584600046100267,Old,4,3349.023681640625
3627584600046100550,Old,4,502.9251403808594
3627584600071100321,Old,4,2556.411376953125
3627584600095100062,Old,4,286.1121826171875
3627584600095100467,Old,4,2067.274658203125
3627584600097100318,Old,4,1786.984375
3627584600119100679,Old,4,921.7376098632812
3627584600120100235,Old,4,2561.2119140625
3627584600120100542,Old,4,373.3055419921875
3627584600122100287,Old,4,1391.058349609375
3627584600122100490,Old,4,1115.929321289062
3627584600122200190,Old,4,1733.749267578125
3627584600144100135,Old,4,3133.7548828125
3627584600145100130,Old,4,2700.44482421875
3627584600146100215,Old,4,2287.33935546875
3627584600171100218,Old,4,2613.386962890625
3627584600195100080,Old,4,1530.7177734375
3627584600222100235,Old,4,1660.869750976562
3627584600222100282,Old,4,604.6980590820312
3627584600246100108,Old,4,3284.824951171875
3627584600270100105,Old,4,2728.72607421875
3627584600294100143,Old,4,3011.97119140625
3627584600318100055,Old,4,655.7621459960938
3627584600319100062,Old,4,3151.108154296875
3627584600340100097,Old,4,2720.478759765625
3627584600341100229,Old,4,3356.00537109375
3627584600343100105,Old,4,2589.165283203125
3627584600344100384,Old,4,543.5315551757812
363527800189100406,Yng,4,3332.33740234375
363527800190100077,Yng,4,899.130126953125
363527800190100245,Yng,4,1790.807373046875
363527800190100346,Yng,4,1298.669311523438
363527800190100474,Yng,4,400.1961059570312
363527800190100496,Yng,4,1124.712768554688
363527800217100131,Yng,4,2335.33642578125
363527800219200054,Yng,4,2156.7763671875
363527800220100345,Yng,4,1426.144165039062
363527800221100129,Yng,4,2506.89111328125
363527800246100154,Yng,4,2953.3193359375
363527800273100045,Yng,4,1911.638549804688
363527800276100145,Yng,4,3020.58447265625
363527800277100168,Yng,4,1317.375366210938
363527800301100068,Yng,4,1822.01953125
363527800301100225,Yng,4,2043.013061523438
363527800303100038,Yng,4,2689.271728515625
363527800331100268,Yng,4,2773.27392578125
363527800355100483,Yng,4,592.3269653320312
363527800358100084,Yng,4,1607.041259765625
363527800383100162,Yng,4,2263.16552734375
363527800386100021,Yng,4,3274.0400390625
363527800410100186,Yng,4,2848.694091796875
363527800412100049,Yng,4,2292.099609375
363527800415100237,Yng,4,2280.5869140625
363527800439100197,Yng,4,477.1491088867188
363527800464100061,Yng,4,3200.2802734375
363527800466100230,Yng,4,2236.30126953125
363527800467100276,Yng,4,2927.83154296875
363527800490100049,Yng,4,1775.142822265625
363527800492100430,Yng,4,428.8390502929688
363527800496100386,Yng,4,1120.774780273438
363527800515200186,Yng,4,2075.4375
363527800516100163,Yng,4,1527.476196289062
363527800518100074,Yng,4,1300.431274414062
363527800521100030,Yng,4,330.8209228515625
363527800542100110,Yng,4,2929.3564453125
363527800576100035,Yng,4,1925.38232421875
3603651200146100227,Yng,5,2120.5810546875
3603651200167100191,Yng,5,1907.7958984375
3603651200168100087,Yng,5,2315.18017578125
3603651200168100145,Yng,5,2276.920654296875
3603651200168200169,Yng,5,1918.434692382812
3603651200169100142,Yng,5,868.5924682617188
3603651200169100414,Yng,5,878.87255859375
3603651200172100362,Yng,5,938.1083374023438
3603651200194100231,Yng,5,3384.01513671875
3603651200195100031,Yng,5,2930.045166015625
3603651200195100293,Yng,5,1121.234008789062
3603651200196100125,Yng,5,2989.90283203125
3603651200219100027,Yng,5,2834.442138671875
3603651200222100421,Yng,5,900.5427856445312
3603651200246100071,Yng,5,2887.605224609375
3603651200247100082,Yng,5,1941.759521484375
3603651200248200071,Yng,5,1439.082153320312
3603651200270200240,Yng,5,1134.573120117188
3603651200296100030,Yng,5,3093.120361328125
3603651200296100163,Yng,5,1452.433837890625
3603651200296100195,Yng,5,2215.803955078125
3603651200296200208,Yng,5,2249.605712890625
3603651200321100369,Yng,5,1562.4091796875
3603651200322100111,Yng,5,3317.60595703125
3603651200323100056,Yng,5,2791.24658203125
3603651200346100040,Yng,5,1895.07763671875
3603651200348100181,Yng,5,1041.284912109375
3603651200371100085,Yng,5,1512.868408203125
3603651200420100040,Yng,5,2129.18408203125
3603651200422100043,Yng,5,2036.389282226562
3603651200447100013,Yng,5,2436.976806640625
3603651200447100163,Yng,5,1524.027221679688
3603651200496100149,Yng,5,1944.969116210938
3675195100049100070,Old,5,2806.33544921875
3675195100073100114,Old,5,2945.491455078125
3675195100073100138,Old,5,1677.946655273438
3675195100083100058,Old,5,2469.7587890625
3675195100103100325,Old,5,448.5240783691406
3675195100105100022,Old,5,1263.498291015625
3675195100113100376,Old,5,862.0016479492188
3675195100164100070,Old,5,2134.509033203125
3675195100166100064,Old,5,1252.273803710938
3675195100167100027,Old,5,1403.757690429688
3675195100182100091,Old,5,1991.443359375
3675195100198100027,Old,5,2993.718994140625
3675195100213100120,Old,5,1243.57861328125
3675195100215200133,Old,5,1184.7998046875
3675195100230200063,Old,5,2010.244262695312
3675195100243100255,Old,5,1510.18408203125
3675195100245100113,Old,5,2735.32666015625
3675195100246100065,Old,5,2315.7265625
3675195100276100042,Old,5,1888.20166015625
3675195100314100106,Old,5,2313.760986328125
3675195100315200089,Old,5,1004.900146484375
3675195100348100066,Old,5,1957.442260742188
3675195100348100266,Old,5,2464.6787109375
3675195100379100148,Old,5,1986.156616210938
3675195100411100274,Old,5,1588.081420898438
3675195100442100152,Old,5,2953.196044921875
3675195100475100125,Old,5,593.5392456054688
3675195100476100084,Old,5,2467.53564453125
3675195100476100085,Old,5,2038.455444335938
3675195100508100202,Old,5,2120.83251953125
3675195100509100299,Old,5,1158.673461914062
3675195100539100149,Old,5,3082.450927734375
3675195100540100372,Old,5,859.5889282226562
3484420000354100259,Old,6,250.0054626464844
3484420000358100041,Old,6,2368.78173828125
3484420000386100066,Old,6,3306.273193359375
3484420000387100039,Old,6,2825.162109375
3484420000419100215,Old,6,339.9426574707031
3484420000539100203,Old,6,1657.1796875
3484420000628100049,Old,6,2418.431640625
3484420000652100111,Old,6,2566.679931640625
3484420000658100024,Old,6,1282.902099609375
3484420000686100183,Old,6,2158.04638671875
3484420000715100334,Old,6,124.8288879394531
3484420000716200010,Old,6,1339.035400390625
3484420000740100180,Old,6,386.7272033691406
3484420000745100119,Old,6,2451.73388671875
3484420000747100089,Old,6,438.2914733886719
3484420000776200142,Old,6,278.2279052734375
3484420000777200024,Old,6,1733.1396484375
3484420000803100078,Old,6,2211.996337890625
3484420000803100090,Old,6,1048.614990234375
3484420000862100229,Old,6,792.4463500976562
3484420000890100063,Old,6,1795.696655273438
3484420000911100075,Old,6,2318.512939453125
3484420000915100051,Old,6,1803.919799804688
3484420000918100100,Old,6,1836.199340820312
3484420000939100185,Old,6,1837.283325195312
3484420000940100157,Old,6,187.0490264892578
3484420000944100025,Old,6,3193.66015625
3484420000944100062,Old,6,3054.4169921875
3484420000945100191,Old,6,145.7469787597656
3484420000951200090,Old,6,1157.383422851562
3484420000969100251,Old,6,210.5101013183594
3484420001002100063,Old,6,2978.31982421875
3484420001003100037,Old,6,3065.075439453125
3484420001008100017,Old,6,3165.344970703125
3484420001030100156,Old,6,946.6744384765625
3484420001035100024,Old,6,1353.051147460938
3484420001059100151,Old,6,371.2353210449219
3484420001060100011,Old,6,2861.96875
3484420001060100065,Old,6,1902.988159179688
3484420001061100135,Old,6,1773.648193359375
3495821200197100254,Yng,6,3050.06640625
3495821200221100042,Yng,6,1319.978637695312
3495821200243100017,Yng,6,235.4895324707031
3495821200293100222,Yng,6,2809.5
3495821200294100044,Yng,6,1943.358032226562
3495821200317100211,Yng,6,3093.511474609375
3495821200317200165,Yng,6,1136.824829101562
3495821200338100032,Yng,6,3334.161376953125
3495821200338100234,Yng,6,205.0321197509766
3495821200363100164,Yng,6,1104.604248046875
3495821200364100183,Yng,6,1105.215942382812
3495821200367100310,Yng,6,654.371337890625
3495821200389100480,Yng,6,367.4443969726562
3495821200390200006,Yng,6,1615.626342773438
3495821200414100522,Yng,6,598.7435913085938
3495821200415100120,Yng,6,2779.178466796875
3495821200416100046,Yng,6,3297.240234375
3495821200417100218,Yng,6,2980.78369140625
3495821200418100235,Yng,6,1644.156372070312
3495821200443100078,Yng,6,1965.97802734375
3495821200449100195,Yng,6,2906.59912109375
3495821200463100175,Yng,6,2922.935791015625
3495821200468100349,Yng,6,2506.945556640625
3495821200468200298,Yng,6,1808.559814453125
3495821200470100079,Yng,6,2618.63134765625
3495821200470100111,Yng,6,2913.213623046875
3495821200473100067,Yng,6,3010.88330078125
3495821200491100079,Yng,6,2722.35205078125
3495821200491100355,Yng,6,2923.245361328125
3495821200494100071,Yng,6,2882.536865234375
3495821200494100277,Yng,6,2034.411743164062
3495821200518100270,Yng,6,614.6969604492188
3495821200539100065,Yng,6,3293.78125
3495821200544100171,Yng,6,1315.665405273438
3495821200545100463,Yng,6,158.82470703125
3495821200568100135,Yng,6,1768.910400390625
